{
	"info": {
		"name": "Vertico-Prod",
		"_postman_id": "858e2239-8e2b-9b72-06a0-bcce2e616005",
		"description": "",
		"schema": "https://schema.getpostman.com/json/collection/v2.1.0/collection.json"
	},
	"item": [
		{
			"name": "List",
			"request": {
				"method": "POST",
				"header": [
					{
						"key": "Content-Type",
						"value": "application/json"
					}
				],
				"body": {
					"mode": "raw",
					"raw": "\n    {\n        \"id\": \"6996732e-84bc-6853-d322-9eebc80df84d\",\n        \"appName\": \"hellopiku\",\n        \"applog\": \"fdsfdsf\",\n        \"version\": 3,\n        \"imageLocation\": \"ajaycs14/simple-web-app\",\n        \"appType\": \"container\",\n        \"initScript\": \"docker run -P -d ajaycs14/simple-web-app\",\n        \"status\": \"ACTIVE\",\n        \"deployInstance\":{\"id\":\"8bb5a715-db18-a1b6-2e3f-46e36bbe635\"}\n    }\n"
				},
				"url": {
					"raw": "http://129.114.108.1:6765/verticofactory/rest/v2/entities/vertico$Applications",
					"protocol": "http",
					"host": [
						"129",
						"114",
						"108",
						"1"
					],
					"port": "6765",
					"path": [
						"verticofactory",
						"rest",
						"v2",
						"entities",
						"vertico$Applications"
					]
				},
				"description": "Get List of Volunteer machines"
			},
			"response": []
		},
		{
			"name": "Register",
			"request": {
				"method": "POST",
				"header": [
					{
						"key": "Content-Type",
						"value": "application/json"
					}
				],
				"body": {
					"mode": "raw",
					"raw": "{\n        \"vmCPU\": \"121\",\n        \"vmOperatingSystem\": \"windows\",\n        \"version\": 1,\n        \"vm_name\": \"f\"\n    }"
				},
				"url": {
					"raw": "http://localhost:6765/verticofactory/rest/v2/entities/vertico$Volunteer",
					"protocol": "http",
					"host": [
						"localhost"
					],
					"port": "6765",
					"path": [
						"verticofactory",
						"rest",
						"v2",
						"entities",
						"vertico$Volunteer"
					]
				},
				"description": ""
			},
			"response": []
		},
		{
			"name": "Unregister",
			"request": {
				"method": "DELETE",
				"header": [],
				"body": {},
				"url": {
					"raw": "http://vertico-beta.j.layershift.co.uk/rest/v2/entities/vertico$Volunteer/251063b9-be1f-c3f9-e91a-b005446151e0",
					"protocol": "http",
					"host": [
						"vertico-beta",
						"j",
						"layershift",
						"co",
						"uk"
					],
					"path": [
						"rest",
						"v2",
						"entities",
						"vertico$Volunteer",
						"251063b9-be1f-c3f9-e91a-b005446151e0"
					]
				},
				"description": "Get List of Volunteer machines"
			},
			"response": []
		},
		{
			"name": "donor list",
			"request": {
				"method": "GET",
				"header": [],
				"body": {},
				"url": {
					"raw": "http://vertico-beta.j.layershift.co.uk/rest/v2/entities/vertico$Donors",
					"protocol": "http",
					"host": [
						"vertico-beta",
						"j",
						"layershift",
						"co",
						"uk"
					],
					"path": [
						"rest",
						"v2",
						"entities",
						"vertico$Donors"
					]
				},
				"description": "Get List of Volunteer machines"
			},
			"response": []
		},
		{
			"name": "donor create",
			"request": {
				"method": "POST",
				"header": [],
				"body": {
					"mode": "raw",
					"raw": "{\n       \"username\": \"ajayramesh\"\n    }"
				},
				"url": {
					"raw": "http://vertico-beta.j.layershift.co.uk/rest/v2/entities/vertico$Donors",
					"protocol": "http",
					"host": [
						"vertico-beta",
						"j",
						"layershift",
						"co",
						"uk"
					],
					"path": [
						"rest",
						"v2",
						"entities",
						"vertico$Donors"
					]
				},
				"description": "Get List of Volunteer machines"
			},
			"response": []
		}
	]
}