{
	"info": {
		"name": "Vertico-local",
		"_postman_id": "07917011-8737-f1fc-13b2-0b6dc7d9d9c5",
		"description": "",
		"schema": "https://schema.getpostman.com/json/collection/v2.1.0/collection.json"
	},
	"item": [
		{
			"name": "List-instances",
			"request": {
				"method": "POST",
				"header": [
					{
						"key": "Content-Type",
						"value": "application/json"
					}
				],
				"body": {
					"mode": "raw",
					"raw": "{\n        \"os\": \"test os\",\n        \"privateIP\": \"1.1.2.2\",\n        \"cpu\": \"i7\",\n        \"publicIP\": \"1.1.1.1\",\n        \"version\": 2,\n        \"credits\": 10000,\n        \"diskSpace\": \"100TB\",\n        \"nickname\": \"test\",\n        \"ram\": \"16GB\",\n        \"status\": \"ACTIVE\",\n        \"info\": \"123\",\n        \"DONOR_ID\" : \"05e3fe0e-42a0-c946-3498-c779bd41d5d5\"\n        \n    }"
				},
				"url": {
					"raw": "http://localhost:6765/verticofactory/rest/v2/entities/vertico$Instance",
					"protocol": "http",
					"host": [
						"localhost"
					],
					"port": "6765",
					"path": [
						"verticofactory",
						"rest",
						"v2",
						"entities",
						"vertico$Instance"
					]
				},
				"description": "Get List of Volunteer machines"
			},
			"response": []
		},
		{
			"name": "Register",
			"request": {
				"method": "POST",
				"header": [
					{
						"key": "Content-Type",
						"value": "application/json"
					}
				],
				"body": {
					"mode": "raw",
					"raw": "[\n    {\n        \"os\": \"macos\",\n        \"privateIP\": \"1.2.2.2.2\",\n        \"cpu\": \"i7\",\n        \"publicIP\": \"12.2.2.2.2\",\n        \"version\": 1,\n        \"credits\": 1000,\n        \"diskSpace\": \"1000TB\",\n        \"name\": \"ajay\",\n        \"ram\": \"18GB\",\n        \"status\": \"ACTIVE\",\n        \"info\": \"test\"\n    }\n]"
				},
				"url": {
					"raw": "http://localhost:6765/verticofactory/rest/v2/entities/vertico$Instance",
					"protocol": "http",
					"host": [
						"localhost"
					],
					"port": "6765",
					"path": [
						"verticofactory",
						"rest",
						"v2",
						"entities",
						"vertico$Instance"
					]
				},
				"description": ""
			},
			"response": []
		}
	]
}